ACTION,NAMES,ROLES,BIO,EVENT DAY,SPEAKING ON,SPEAKER TYPE,CONNECT,TAGS,GOOGLE DRIVE IMAGE LINK
Updated,Dr. Muiz Banire SAN,Principal Partner at M.A. Banire & Associates,"A Senior Advocate of Nigeria (SAN), he is a distinguished legal practitioner with extensive expertise in complex legal matters. He serves as the Principal Partner of his firm, providing strategic counsel and leadership. His work reflects a deep commitment to excellence, advocacy, and the advancement of the legal profession.",Day 1,To Be Announced Closer to the Event ,"Speaker, Special Guest",Https://ng.linkedin.com/in/muiz-banire?utm_source=share&utm_medium=member_mweb&utm_campaign=share_via&utm_content=profile,"Senior Advocate of Nigeria (SAN)
Principal Partner
Legal Practitioner",https://drive.google.com/file/d/1aX4GANAyNj06olh0BYBRys6hxobgz_R4/view?usp=drivesdk
Updated,Mr. Hakeem Shagaya,"Chairman, Asolar Systems",A strategic leader with expertise in delivering scalable solar power solutions across emerging markets. He brings strong corporate governance experience that strengthens organizational transparency and long‑term stability. His work advances sustainable infrastructure development that supports economic growth and environmental resilience.,Day 1,To Be Announced Closer to the Event ,"Speaker, Special Guest",Https://www.linkedin.com/in/hakeem-shagaya-54ab7b3b?lipi=urn%3ali%3apage%3ad_flagship3_profile_view_base_contact_details%3bivptbef0tyufvnh2uz0ysa%3d%3d,"Solar Power Solutions
Corporate Governance
Sustainable Infrastructure",https://drive.google.com/file/d/1zx65HoZ1yqqzVtT2CCbIUEPkijxN9Ac4/view?usp=drivesdk
Updated,Mrs. Toke Benson-Awoyinka,"Lagos State Commissioner for Tourism, Arts & Culture","A versatile public sector executive with a track record of strengthening government institutions and policy frameworks. She has led transformative initiatives in tourism, arts and culture, promoting national identity and creative‑economy expansion. Her legal and policy expertise also drives impactful housing and urban development programs that support sustainable, people‑centered communities.",Day 1,To Be Announced Closer to the Event ,"Speaker, Special Guest",On instagram https://www.instagram.com/bensontoke/?hl=en,"Public Sector Leadership
Tourism, Arts & Culture Administration
Legal & Policy Expertise
Housing & Urban Development",https://drive.google.com/file/d/1G401eayIeaaIsyjseEdTHfUwkK02Xj5h/view?usp=drivesdk
Updated,Mr. Gossy Ukanwoke,"MD, BetKing","A champion of community empowerment, he works to strengthen local systems and expand opportunities for underserved groups. He drives youth‑led transformation by equipping young leaders to shape solutions and influence development outcomes. His commitment to African development fuels impact‑driven initiatives that advance inclusion, resilience, and sustainable progress across the continent.",Day 1,To Be Announced Closer to the Event ,"Speaker, Special Guest","Https://ukanwoke.org/ 
on X @gossyomega 
Instagram @gossyomega","Community Empowerment
Youth‑Led Transformation
African Development
Impact‑Driven Initiatives",https://drive.google.com/file/d/1YiR2i0O_Q3v8WLVhyd7wRj-pozXVT2qs/view?usp=drivesdk
Updated,Mr. Jimi Aina,"Director, New Growth Areas at Lagos State Internal Revenue Service (LIRS)","A public finance professional with deep expertise in tax administration and revenue systems. He strengthens government finance through effective public revenue management, fiscal accountability, and evidence‑based decision‑making. His strong grounding in regulatory compliance supports transparent governance and efficient service delivery across the public sector.",Day 1,To Be Announced Closer to the Event ,"Speaker, Special Guest","Linkedin Https://ng.linkedin.com/in/jimi-aina-534a5645?utm_source=share&utm_medium=member_mweb&utm_campaign=share_via&utm_content=profile  
on Instagram @jimiaina","Tax Administration
Public Revenue Management
Government Finance
Regulatory Compliance",https://drive.google.com/file/d/1YdXcJNXzTkyGvpzGE6URGXwNAGhdGjXe/view?usp=drivesdk
Updated,"Dr. Jumoke Oduwole, MFR","Federal Minister of Industry, Trade & Investment⁣ [FMITI] and Founder at No Limits Nigeria Initiative","Dr. Jumoke Oduwole, MFR is Nigeria’s Honourable Minister of Industry, Trade & Investment and a globally respected trade and investment policy expert. She drives national economic transformation by leading industrial growth, strengthening trade competitiveness, and advancing investor-friendly reforms. As Founder of the No Limits Nigeria Initiative, she champions inclusive development and positions Nigeria as a high-confidence destination for business, innovation, and global partnerships.",Day 1,To Be Announced Closer to the Event ,"Speaker, Special Guest","On LinkedIn - https://www.linkedin.com/in/dr-jumoke-oduwole-1bb4003/?originalSubdomain=ng 
On IG - https://www.instagram.com/joduwole/?hl=en ","Trade & Investment Policy
Economic Development Leadership
Governance & Public Sector Reform
Entrepreneurship & Innovation Advocacy",https://drive.google.com/file/d/1WtH3yr6Owu4KvS2zAS4ATThZAq7joOpu/view?usp=drivesdk
Updated,Mr. Olakunle Olusanya Esq,"Executive Director Public Affairs, Legal & General Secretary West Africa - Fan Milk & Danone","A seasoned Public Affairs leader with deep expertise in corporate communications and stakeholder engagement. He provides strategic guidance on regulatory compliance across complex business environments. As General Counsel, he delivers sound legal leadership that strengthens governance and organizational impact.",Day 1,To Be Announced Closer to the Event ,Guest,Https://www.linkedin.com/in/olakunle-olusanya-8270b41a?lipi=urn%3ali%3apage%3ad_flagship3_profile_view_base_contact_details%3b9zsmsys7tdeqrq6gelza5q%3d%3d,"Public Affairs Leadership
Corporate Communications
Regulatory Compliance
General Counsel (gc) Powerlist",https://drive.google.com/file/d/1RNQBC0v8VLgAV04_6AbMRuE7eWQ489zv/view?usp=drivesdk
Updated,Mr. Idris Alubankudi,Special Adviser to the President on Technology & Digital Economy,A dynamic fintech entrepreneur driving the development of accessible and scalable digital finance solutions. He combines strategic leadership with a strong culture of innovation to transform how individuals and businesses access financial services. His work advances technology‑driven financial inclusion and sustainable growth across emerging markets.,Day 1,To Be Announced Closer to the Event ,"Speaker, Special Guest","Linkedin Https://uk.linkedin.com/in/sirdi?utm_source=share&utm_medium=member_mweb&utm_campaign=share_via&utm_content=profile 
on X @sirdi","Fintech Entrepreneurship
Digital Finance Solutions
Leadership & Innovation",https://drive.google.com/file/d/1MgJP55sOqCmolmtPJ53_NvYHpHz8Apdg/view?usp=drivesdk
No changes,Mr. Bizzle Osikoya,"Founder, The Plug","A strategic leader in the music industry, he helps artists, labels, and entertainment brands navigate an evolving creative economy. His expertise spans entertainment consulting and talent development, guiding creators toward sustainable growth and market relevance. With a data‑driven approach to music insights, he shapes smarter decisions, stronger releases, and high‑impact audience engagement.",Day 1,To Be Announced Closer to the Event ,Speaker,"Linkedin Https://ng.linkedin.com/in/bizzleosikoya?utm_source=share&utm_medium=member_mweb&utm_campaign=share_via&utm_content=profile  
on Instagram @bizzleosikoya","Music Industry Strategy
Entertainment Consulting
Artist & Talent Development
Data‑Driven Music Insights",https://drive.google.com/file/d/1Rw3eFvShg7Aad4EDVaynh0QZrEGs-S2o/view?usp=drivesdk
Updated,Ms. Oyinkansola ‘Foza’ Fawehinmi,"Lead Legal Consultantlead Legal Consultant, Zaeda Oracle Limited","A leader in the creative economy, she works at the intersection of culture, business, and policy to strengthen creative sectors. Her expertise in entertainment law and policy supports fair regulation, industry growth, and the protection of creative rights. Through ecosystem development and strong advocacy for the music and film industries, she drives collaboration, market expansion, and long‑term sector sustainability.",Day 1,To Be Announced Closer to the Event ,Speaker,"Linkedin Https://ng.linkedin.com/in/oyinkansola-fawehinmi?utm_source=share&utm_medium=member_mweb&utm_campaign=share_via&utm_content=profile  
on Instagram @fozadoza","Creative Economy Leadership
Entertainment Law & Policy
Ecosystem Development
Music & Film Industry Advocacy",https://drive.google.com/file/d/13dSEr2eRLZib4NL-82ixz3Rtp9f-KzsJ/view?usp=drivesdk
No changes,Mr. Rotimi Akapo,"Partner & Head, Telecommunications, Media & Technology Practice Group · Advocaat Law Practice","A commercial and corporate law professional, he provides strategic legal guidance that supports business growth and sound governance. His expertise in regulatory advisory and dispute resolution helps organizations navigate complex compliance landscapes and resolve conflicts with clarity and confidence. As a legal practice leader, he drives excellence, ethical standards, and high‑performing teams within the legal profession.",Day 1,To Be Announced Closer to the Event ,Speaker,Linkedin Https://ng.linkedin.com/in/rotimi-akapo-7ba86017?utm_source=share&utm_medium=member_mweb&utm_campaign=share_via&utm_content=profile ,"Commercial & Corporate Law
Regulatory Advisory
Dispute Resolution
Legal Practice Leadership",https://drive.google.com/file/d/1KG8MecG1mauD-xnuDi08VVWLpZZHlGXm/view?usp=drivesdk
No changes,Mr. Idris Olorunnimbe,Group Chief Executive Officer of Temple Company,"A visionary leader in the creative industries, he has guided talent, entertainment, and media ventures toward sustained growth and relevance. His expertise blends high‑level talent management with strategic media production that amplifies storytelling and brand presence. As a founder and executive, he builds forward‑thinking companies that shape culture, unlock commercial opportunity, and create enduring industry value.",Day 1,To Be Announced Closer to the Event ,"Speaker, Special Guest","Linkedin Https://ng.linkedin.com/in/idris-olorunnimbe-03b867119?utm_source=share&utm_medium=member_mweb&utm_campaign=share_via&utm_content=profile  
on Instagram @idrisolorunnimbe","Creative Industry Leadership
Talent & Entertainment Management
Media Production Strategy
Founder & Executive Management",https://drive.google.com/file/d/1IXagaGuAYm2fugm4JOj1OnXALbfbKUbA/view?usp=drivesdk
No changes,Engr. Tunde Bally,Arvo Finance,"Founder of Arvo Finance, a fintech company providing fast, unsecured consumer loans to underbanked Nigerians. He is committed to expanding financial inclusion through simple, accessible digital lending solutions. He also serves as CEO of Olivermead UK Ltd, a digital interactive firm delivering B2B telecommunications and IT services.",Day 1,To Be Announced Closer to the Event ,Speaker,"Https://socialmediaweeklagos2020.sched.com/speaker/ayotunde 
on X @tundebally","Fintech Leadership
Founder & CEO
Digital Lending",https://drive.google.com/file/d/1c4JqeXxWvNrGOD5_kP8Kz05LCw-comX1/view?usp=drivesdk
Updated,Mr. Adebayo Adedeji,GCEO Wakanow, A strategic business leader with deep expertise in growth strategy and organizational turnaround. He drives product innovation that strengthens competitiveness and unlocks new market opportunities. His strong financial management acumen ensures sustainable performance and long‑term value creation.,Day 1,To Be Announced Closer to the Event ,Speaker,"Linkedin Https://www.linkedin.com/in/bayolion?utm_source=share&utm_medium=member_mweb&utm_campaign=share_via&utm_content=profile 
on Instagram @thebayolion_","Growth Strategy
Turnaround Leadership
Product Innovation
Financial Management",https://drive.google.com/file/d/1VNDbjVdQwANlyZZbDtXeB8MAj3_eT7XB/view?usp=drivesdk
No changes,Mr. Ahmed Saliu-Alubankudi,Elitepro Investment Management,A strategic finance professional with deep expertise in investment strategy and wealth management. He provides tailored financial advisory solutions that help individuals and businesses build long‑term value. His entrepreneurial mindset drives innovative approaches to portfolio growth and sustainable financial success.,Day 1,To Be Announced Closer to the Event ,Speaker,"Linkedin Https://ng.linkedin.com/in/ahmed-saliu-alubankudi-5770aa27a?utm_source=share&utm_medium=member_mweb&utm_campaign=share_via&utm_content=profile 
on X @lubanks 
on Instagram @alubandollars","Investment Strategy
Wealth Management
Financial Advisory
Entrepreneurship",https://drive.google.com/file/d/1uUFg73kE2biyaoQErhAjytnvDOzRjfzK/view?usp=drivesdk
Updated,Mr. Deji Fayose,"GCFO, FCMB","A seasoned financial leader with deep expertise in corporate finance and organizational performance. He applies strong strategic management capabilities to drive growth, efficiency, and long‑term value creation. His CFO‑level insight strengthens financial governance, operational excellence, and business sustainability.",Day 1,To Be Announced Closer to the Event ,"Speaker, Special Guest",Linkedin Https://ng.linkedin.com/in/deji-fayose-fcca-mba-fica-a9b56b98?utm_source=share&utm_medium=member_mweb&utm_campaign=share_via&utm_content=profile ,"Financial Leadership
Corporate Finance
Strategic Management
CFO Expertise",https://drive.google.com/file/d/1KiTneXoD_Fmyjmpxr5toPDVeSSOk-bw4/view?usp=drivesdk
No changes,Dr. Tolu Adegbie,Member · Presidential Fiscal Policy & Tax Reforms Implementation Committee,"A public finance professional with deep expertise in fiscal policy reform and modern tax administration. He applies strong analytical capability in credit risk assessment to strengthen financial decision‑making. His work in public sector finance supports transparent governance, sustainable budgeting, and long‑term economic stability.",Day 1,To Be Announced Closer to the Event ,Speaker,Linkedin Https://ng.linkedin.com/in/tolu-adegbie-b20435119?utm_source=share&utm_medium=member_mweb&utm_campaign=share_via&utm_content=profile,"Fiscal Policy Reform
Tax Administration
Credit Risk Analysis
Public Sector Finance",https://drive.google.com/file/d/1m5Z7-xatVStv3N1MN8UYxKrnD3HSzyH2/view?usp=drivesdk
Updated,Mr. Olatunbosun Alake,"Lagos State Commissioner for Innovation, Science & Technology","A forward‑thinking leader with deep expertise in innovation leadership and technology strategy. He drives public sector transformation by designing systems that improve efficiency, transparency, and service delivery. His work builds problem‑solving ecosystems that enable collaboration, scalability, and sustainable impact.",Day 1,To Be Announced Closer to the Event ,"Speaker, Special Guest","Linkedin Https://ng.linkedin.com/in/olatunbosun-alake-8a04185?utm_source=share&utm_medium=member_mweb&utm_campaign=share_via&utm_content=profile
on Instagram @tunbosunae","Innovation Leadership
Technology Strategy
Public Sector Transformation
Problem‑solving Ecosystems",https://drive.google.com/file/d/1UdARgD_X9rq4hRdYI6OR1uFihzxJsHX7/view?usp=drivesdk
Updated,"Mr. Kehinde Ogunwumiju SAN, OFR",Managing Partner at Afe Babalola & Co.,"A distinguished legal professional with deep expertise in high‑stakes litigation and complex election law matters. He represents clients in international arbitration, navigating cross‑border disputes with precision and strategic insight. His practice also spans commercial and maritime law, delivering robust advocacy across diverse legal terrains.",Day 1,To Be Announced Closer to the Event ,Speaker,https://afebabalola.com/kehinde-olamide-ogunwumiju-o-f-r-s-a-n-fciarb-u-k/,"High‑stakes Litigation
Election Law Expertise
International Arbitration
Commercial & Maritime Law",https://drive.google.com/file/d/1wR2J3DBt_JUAv9ilHj0o85mOse_5uOaI/view?usp=drivesdk
No changes,Justice Mobayonle Ogunwumiju,"Judge, Ondo State High Court","A distinguished figure in judicial leadership, he brings deep experience from the High Court judiciary. He is recognized for her expertise in legal adjudication, delivering fair, principled, and well‑reasoned decisions. His commitment to justice administration strengthens institutional integrity and public trust in the judicial system.",Day 1,To Be Announced Closer to the Event ,Speaker,Linkedin Https://ng.linkedin.com/in/hon-justice-mobayonle-ogunwumiju-615265160?utm_source=share&utm_medium=member_mweb&utm_campaign=share_via&utm_content=profile ,"Judicial Leadership
High Court Judiciary
Legal Adjudication
Justice Administration",https://drive.google.com/file/d/1BiJP9N_oCVLqWT6jfJR4bTFFjoqmr0CO/view?usp=drivesdk
Updated,Mr. Iyinoluwa Aboyeji OON,"Future Africa, Flutterwave, Andela","A global venture builder committed to launching and scaling high‑impact businesses across emerging markets. He champions impact‑driven entrepreneurship, strengthening the African innovation ecosystem through mentorship, investment, and ecosystem design. His startup leadership experience accelerates founders, fuels innovation, and drives sustainable economic growth.",Day 1,To Be Announced Closer to the Event ,"Speaker, Special Guest",Linkedin Https://ng.linkedin.com/in/eaboyeji?utm_source=share&utm_medium=member_mweb&utm_campaign=share_via&utm_content=profile ,"Global Venture Building
Impact‑Driven Entrepreneurship
African Innovation Ecosystem
Startup Leadership",https://drive.google.com/file/d/1d38dyZx4xzJtysuGTrYo2yIaMqPwBc6-/view?usp=drivesdk
Updated,Mr. Tega Oghenejobo,Mavin Global President,"A music industry leader with deep expertise in operations, strategy, and the business of entertainment. He drives organizational growth by aligning creative talent with strong commercial structures. His record label management experience supports artist development, market expansion, and long‑term brand success.",Day 1,To Be Announced Closer to the Event ,"Speaker, Special Guest",Linkedin Https://www.linkedin.com/in/peter-tega-oghenejobo-680a3044?utm_source=share&utm_medium=member_mweb&utm_campaign=share_via&utm_content=profile ,"Music Industry Leadership
Operations & Strategy
Entertainment Business
Record Label Management",https://drive.google.com/file/d/1aSSVRBAIi3YG4U3jaRZ5X16lx6NhziZH/view?usp=drivesdk
Updated,Mr. ⁠Akinyemi Ayinoluwa,Partner · Hightower Solicitors & Advocates,"A specialist in music industry law, he provides strategic legal guidance to artists, songwriters, and producers navigating today’s evolving creative landscape. His work centers on strong advocacy for creators, ensuring fair treatment, transparent agreements, and sustainable career pathways. With deep expertise in intellectual property protection and entertainment legal strategy, he safeguards creative rights and strengthens the business foundations of the music ecosystem.",Day 1,To Be Announced Closer to the Event ,Speaker,Linkedin Https://ng.linkedin.com/in/akinyemi-ayinoluwa-12698468?utm_source=share&utm_medium=member_mweb&utm_campaign=share_via&utm_content=profile ,"Music Industry Law
Songwriter & Producer Advocacy
Intellectual Property Protection
Entertainment Legal Strategy",https://drive.google.com/file/d/1gyMwRffm3_fYRwyGEckwBUpePdS4Tkyb/view?usp=drivesdk
Updated,Mrs. Folashade Ambrose-Medebem,"Hon. Commissioner - Lagos State Ministry of Commerce, Cooperatives, Trade & Investment","A seasoned leader in commerce and trade, she brings deep expertise in shaping policies that strengthen economic competitiveness. She has a strong track record in public sector management, driving institutional efficiency and reform. Her technocratic approach and strategic insight support sustainable economic development across diverse sectors.",Day 1,To Be Announced Closer to the Event ,"Speaker, Special Guest","Https://coopnews.ng/meet-folashade-ambrose-medebem-the-lagos-state-commissioner-in-charge-of-cooperatives/  
on X @Folaambrose","Commerce & Trade Leadership
Public Sector Management
Technocratic Expertise
Economic Development Strategy",https://drive.google.com/file/d/1ekElefaEk4Ss2sLxiQeGQK_XRsoMEwp4/view?usp=drivesdk
New,Olisa Adibua,Co-Founder at Storm360 & Founder at Olisa TV,"He is one of the most respected and in-demand radio and television executive producers and presenters in Africa. He has been at the cutting edge of electronic media and entertainment since 1988, with more than 30 years of experience in television, radio, film, and live events. He is recognized as one of the biggest personalities on the continent, consistently shaping and elevating African entertainment.",Day 1,To Be Announced Closer to the Event ,Special Guest,Instagram @olisaadibua,"Entertainment Industry Pioneer
African Media Executive
Radio Television Icon
Professional Event Curator",https://drive.google.com/file/d/1pS1MQx0MTKN--g-A3L8KLNIRg6AANrBG/view?usp=drivesdk
New,Oladapo Daniel Oyebanjo,"CEO, The CREAM","He is a singer, rapper, music executive, event host, and television personality. He has built a career that spans multiple facets of entertainment, combining creativity with leadership. He is recognized for his dynamic presence on stage and screen, as well as his influence behind the scenes in shaping music and media.",Day 1,To Be Announced Closer to the Event ,Special Guest,Instagram @iambangalee on X @d'banj d kokomaster,"Singer
Rapper
Music Executive
Television Personality",https://drive.google.com/file/d/1Ql_UoZVsUkNpgudVYAW-AxNGMRljZxTo/view?usp=drivesdk
New,Kunle Afolayan,Managing Director/CEO at Golden Effects Pictures and Kap motion pictures,"He is an award-winning Nigerian film director, producer, and actor, widely regarded as a leading voice in African cinema. He made his directorial debut with Irapada (2006), the first Nigerian film screened at the Pan African Film Festival. His films, including The Figurine, October 1, and Citation, have been showcased at major international festivals such as FESPACO, IFFR, BFI London Film Festival, and TIFF. He has also contributed to global film discourse, serving as an expert at the Berlinale Talent Campus and appearing in TIFF’s “In Conversation” series alongside Genevieve Nnaji.",Day 1,To Be Announced Closer to the Event ,Special Guest,Linked In https://www.linkedin.com/in/kunle-afolayan-b0542415/?originalSubdomain=ng Instagram @kunleafo,"Actor
Filmmaker
AcademyFounder
FashionDesigner",https://drive.google.com/file/d/1qGPE2CM5YO3Chr8Xiwz3ZRTnIJuT72PM/view?usp=drivesdk
New,Oswald.O.Guobadia,"Managing Partner at DigitA, Adviser, Author, Advancing Africa’s Digital Evolution","He is the Managing Partner at DigitA, a trusted adviser and published author committed to advancing Africa’s digital evolution. With extensive experience in strategy, innovation, and technology adoption, he works with organizations and policymakers to drive digital transformation across industries. As a thought leader, he contributes to shaping Africa’s digital future through advisory roles, publications, and initiatives that empower businesses and communities to thrive in the digital age.",Day 1,To Be Announced Closer to the Event ,Special Guest,Linked In https://www.linkedin.com/in/guobadia/?originalSubdomain=ng Instagram @osaretin,"Managing Partner
Adviser
Author
Digital Transformation Leader",https://drive.google.com/file/d/12Ndejn6b52xQFXCQCs7EtaMTltP3jwl-/view?usp=drivesdk
New,Jide Sanwo-Olu,The Governor of Lagos State,"He is the Governor of Lagos State, Nigeria, serving since May 2019. Before becoming governor, he built a career in banking and held several public service roles, including Commissioner for Commerce and Industry, Commissioner for Budget and Planning, and Managing Director of the Lagos State Property Development Corporation. As governor, he is recognized for his focus on infrastructure, healthcare, digital innovation, and cultural development, and he continues to play a key role in shaping Lagos as a leading African megacity.",Day 1,To Be Announced Closer to the Event ,Special Guest,https://www.instagram.com/jidesanwoolu/?hl=en,"Governor
Public Administrator
Policy Maker
Infrastructure Advocate",https://drive.google.com/file/d/1tWdXvWUT32seTeNiZrf8xHq4lop8YdKJ/view?usp=drivesdk
New,Dr. Christabel Onyejekwe,"Executive Vice Chairman, FIC","She is an accomplished banker and corporate leader with more than three decades of expertise in finance, technology, and corporate governance. She has held senior positions across major Nigerian banks and retired as Executive Director of Technology & Operations at the Nigeria Inter-Bank Settlement System (NIBSS). She continues to serve as a Non-Executive Director on several boards, where she brings her deep knowledge of corporate strategy, treasury management, and digital infrastructure to the financial services industry.",Day 1,To Be Announced Closer to the Event ,Special Guest,LinkedIn https://www.linkedin.com/in/christabel-onyejekwe-22b88874/?originalSubdomain=ng,"Corporate Executive
Banker
Board Director
Technology & Operations Leader",https://drive.google.com/file/d/1643Lq_xCxI9H81yazu4jnG2mG7YZ6cQp/view?usp=drivesdk
New,Mike Dada,"CEO, PRM Africa Marketing & Communications Limited","Mike Dada is the CEO of PRM Africa Marketing & Communications Limited and the founder and president of the All Africa Music Awards (AFRIMA). He is a leading strategist in brand communications and cultural promotion, driving visibility for African talent and institutions. His work positions culture as a powerful economic and global influence.",Day 1,To Be Announced Closer to the Event ,Special Guest,LinkedIn https://www.linkedin.com/in/michael-dada-6aa77432/ ,"CEO
Cultural Strategist
Creative Economy Leader
AFRIMA Founder",https://drive.google.com/file/d/10CdGfxBSqLku9J_Y3GdaHCW83n9ux7FT/view?usp=drivesdk
New,Osabuohien Osaretin (Sarz),"Founder, The Sarz Academy (TSA)","Osabuohien Osaretin (Sarz) is a Nigerian executive-level music producer and entrepreneur, recognized for shaping the contemporary Afrobeats landscape. He has produced chart-topping tracks for leading artists, while also founding Sarz Academy, a strategic initiative to develop and mentor the next generation of music producers. His work combines creative leadership with industry innovation, establishing him as a key influencer in Africa’s entertainment and cultural economy.",Day 1,To Be Announced Closer to the Event ,Special Guest,On IG - https://www.instagram.com/only1sarz/,"Executive Producer
Music Entrepreneur
Afrobeats Innovator
Creative Mentor",https://drive.google.com/file/d/1U4lWp7_TRP_iE3zSf8RUC-jOawhFV6mG/view?usp=drivesdk
New,Adetoro Fowoshere,"
CEO, Hudson Bay Holding Ltd ","Adetoro Fowoshere is the CEO of Hudson Bay Holding Ltd and a seasoned entrepreneur in Nigeria’s entertainment and events sector. She drives strategic growth by leading diversified business ventures, promoting talent, and building high-impact brand partnerships. Her leadership blends corporate acumen with creative innovation, positioning her as a key influencer in Nigeria’s business and entertainment landscape.",Day 1,To Be Announced Closer to the Event ,Special Guest,"LinkedIn https://www.linkedin.com/in/adetoro-fowoshere-7a988a172/?originalSubdomain=ng

On IG https://www.instagram.com/deitytoro?utm_source=ig_web_button_share_sheet&igsh=ZDNlZDc0MzIxNw== ","CEO
Entertainment Entrepreneur
Brand Partnership Leader
Creative Innovator",https://drive.google.com/file/d/18jvOykwpa460zxJHUABxyloOUbAkmY2G/view?usp=drivesdk
New,Bimbo Ademoye,"Award Winning Actor, Brand Influencer
Model","Bimbo Ademoye is a Nigerian award-winning actress, model, and brand influencer known for her dynamic roles in Nollywood films and TV series. She drives impact by shaping contemporary African storytelling, inspiring emerging talent, and leveraging her personal brand to influence fashion, lifestyle, and cultural trends across the continent.",Day 1,To Be Announced Closer to the Event ,Special Guest,"On IG - https://www.instagram.com/bimboademoye/
On YouTube - https://www.youtube.com/@bimboademoyetv ","Actress
Model
Brand Influencer
Cultural Trendsetter",https://drive.google.com/file/d/1qSze7ZxBV3fYeH3JhUJVFprNErgsDEK-/view?usp=drivesdk
New,Timini Egbuson ,Award Winning Actor,"Timini Egbuson is a Nigerian award‑winning actor and media personality, recognized for his versatility in Nollywood films and television. He began his career on the M‑Net soap opera Tinsel and rose to prominence through roles in Shuga, Elevator Baby, and Skinny Girl in Transit. A graduate of Psychology from the University of Lagos, Timini combines charisma with depth in his performances, earning the Africa Magic Viewers’ Choice Award for Best Actor in a Drama. Beyond acting, he is a cultural influencer and brand ambassador, shaping contemporary African storytelling and inspiring emerging talent across the continent.",Day 1,To Be Announced Closer to the Event ,Special Guest,"On X - https://x.com/_timini?lang=ko
On IG - https://www.instagram.com/_timini/
On TikTok - https://www.tiktok.com/@officialtimini","Actor
Media Personality
Cultural Influencer
Nollywood Star",https://drive.google.com/file/d/15QFyrNMLnnotE-U7w8iOH6jGh6sWUCPA/view?usp=drivesdk
New,Oluyemisi Falaye,"Senior Associate, ACAS-Law (Adepetun Caxton-Martins Agbor & Segun)","Oluyemisi Falaye is a Nigerian entertainment lawyer and corporate strategist, recognized for her leadership in intellectual property and cultural business advisory. She is a Senior Associate at Adepetun Caxton-Martins Agbor & Segun (ACAS-Law) and heads the firm’s Entertainment Law Group, where she provides premium legal counsel to Nigeria’s thriving creative industries.",Day 1,To Be Announced Closer to the Event ,Special Guest,Linked In - https://www.linkedin.com/in/oluyemisi-falaye-664a4918?lipi=urn%3Ali%3Apage%3Ad_flagship3_profile_view_base_contact_details%3B3z4TqTp5SkanHDbIliPA%2FQ%3D%3D,"Entertainment Lawyer
Intellectual Property Advocate
Corporate Strategist
Creative Industry Leader",https://drive.google.com/file/d/1egdAr4QcZ6LrHaSvFuxlG2tJXlzdcGDj/view?usp=drivesdk
New,Gabriel Saleh,Member of the House of Representatives,"Gabriel Saleh Zock is a Nigerian politician and entrepreneur, best known for serving as a Member of the House of Representatives for the Kachia/Kagarko Federal Constituency of Kaduna State under the All Progressives Congress (APC) from 2019. He is recognized for his leadership in grassroots development, legislative advocacy, and cultural promotion within Nigeria’s political landscape.",Day 1,To Be Announced Closer to the Event ,Special Guest,Instagram @saleh_gabrie,"Politician
Legislator
Community Advocate
Entrepreneur",https://drive.google.com/file/d/1mqC_wgaMm2FoZmFhYlRIyh0v-0VV9eKU/view?usp=drivesdk
New,Mariam Ajaga,"SA to the President on Art & Culture, Office of the Honorable Minister","Mariam Ajaga is a Nigerian cultural strategist and government adviser, currently serving as Special Adviser on Visual Arts and Culture to the Minister of Art, Culture, Tourism & Creative Economy. She is recognized for her leadership in promoting Nigeria’s creative industries and positioning culture as a driver of economic growth and global influence.",Day 1,To Be Announced Closer to the Event ,Special Guest,Linked In - https://www.linkedin.com/in/moriam-ajaga-aa2515248?lipi=urn%3Ali%3Apage%3Ad_flagship3_profile_view_base_contact_details%3Bgb6SqX3AQ3GTvVGum3gFaQ%3D%3D,"Cultural Strategist
Government Adviser
Creative Economy Advocate
Visual Arts Leader",https://drive.google.com/file/d/11ZpWHaqxpXoHoj53-IYnrbARkgAaf4vV/view?usp=drivesdk
New,Nicole Abebe,Journalist,"Nicole Abebe is a Nigerian multimedia journalist, broadcaster, and content creator, recognized for her dynamic presence on radio, television, and digital platforms. She currently hosts The Midday Show on The Beat 99.9 FM Lagos and co-produces the visual podcast Spill The Tea with the Abebes, blending entertainment with cultural commentary.",Day 1,To Be Announced Closer to the Event ,Special Guest,Instagram - https://www.instagram.com/nicoleabebe/,"Broadcaster
Multimedia Journalist
Content Creator
Podcast Host",https://drive.google.com/file/d/1RtZR_q0igRGqCF9t1lpdBnWylcuTqH4Y/view?usp=drivesdk
New,Hannatu Musawa,"Minister of Art, Culture, and the Creative Economy","Hannatu Musa Musawa is Nigeria’s Minister of Art, Culture, and the Creative Economy, appointed in August 2023 by President Bola Ahmed Tinubu. A lawyer, politician, author, and cultural advocate, she is widely recognized for her leadership in shaping Nigeria’s creative industries and promoting cultural diplomacy.",Day 1,To Be Announced Closer to the Event ,Special Guest,Linked In - https://www.linkedin.com/in/hannatu-musa-musawa-560a7544/?originalSubdomain=ng,"Minister
Lawyer
Politician
Cultural Advocate",https://drive.google.com/file/d/1qpRCTGJnDmaZjqFgxvuRNpDWJlLBrt9C/view?usp=drivesdk
New,Abubakar Suleiman,CEO at Sterling Bank Limited,"Abubakar Suleiman is a Nigerian banker, economist, and corporate leader, currently serving as the Managing Director/Chief Executive Officer of Sterling Bank Plc since April 2018. He is widely recognized for his transformative leadership, sustainability-driven initiatives, and commitment to positioning Sterling Bank as a forward-thinking financial institution.",Day 1,To Be Announced Closer to the Event ,Special Guest,Linked In - https://www.linkedin.com/in/abubakar-suleiman-62141010/?originalSubdomain=ng,"Banker
Economist
Corporate Leader
Sustainability Advocate",https://drive.google.com/file/d/1bR8ib8gLYCK4JxrK31s4KgWAS_iRN-YK/view?usp=drivesdk
New,Mr. Charles Odii,Director General/CEO Small & Medium Enterprises Development Agency of Nigeria,"Charles Odii is the Director General and Chief Executive Officer of the Small and Medium Enterprises Development Agency of Nigeria (SMEDAN). He is a distinguished author, entrepreneurship development expert, and small business advocate, recognized for his leadership in advancing Nigeria’s SME sector and empowering millions of entrepreneurs.",Day 1,To Be Announced Closer to the Event ,"Special Guest, Speaker",Linked in - https://www.linkedin.com/in/charles-odii-b6b60321/?originalSubdomain=ng,"SME Leader
Entrepreneurship Advocate
Author
Public Service Innovator",https://drive.google.com/file/d/1lzt_0auibtILkXHkyQHA-EtbI7W2f13c/view?usp=drivesdk
New,Mr. Khalil Suleiman Halilu,EVC & CEO National Agency for Science and Engineering Infrastructure (NASENIHQ),"Khalil Suleiman Halilu is a Nigerian entrepreneur, technocrat, and the current Executive Vice Chairman/Chief Executive Officer of the National Agency for Science and Engineering Infrastructure (NASENI), appointed by President Bola Ahmed Tinubu in September 2023. He is recognized for his innovative leadership in technology, industrial development, and sustainability.",Day 1,To Be Announced Closer to the Event ,"Special Guest, Speaker",Linked In - https://www.linkedin.com/in/kshalilu/?originalSubdomain=ng,"Technocrat
Entrepreneur
Innovation Leader
Sustainability Advocate",https://drive.google.com/file/d/1JUOv4rJ_QPXlN6HmYzenqdJqaX5UFe1L/view?usp=drivesdk
New,Barr. Oluwaseyi Afolabi Tinubu,"CEO/Chairman, Loatsad Promomedia and Co-Founder, Noella Foundation","Barr. Oluwaseyi Afolabi Tinubu is a Nigerian lawyer, entrepreneur, and philanthropist, best known as the co-founder and Chief Executive Officer of Loatsad Promomedia, one of Nigeria’s leading outdoor advertising companies. A member of the Nigerian Bar Association, he has built a reputation for combining legal expertise with business innovation and social impact.",Day 1,To Be Announced Closer to the Event ,"Special Guest, Speaker",Linked In - https://www.linkedin.com/in/seyi-tinubu-442b7395/?originalSubdomain=ng,"Lawyer
Entrepreneur
Advertising Executive
Philanthropist",https://drive.google.com/file/d/18xfqaMd4u7h08K_t6DyzAHmjg3oSzX_P/view?usp=drivesdk
New,Prof. Ibrahim Adeyanju,Managing Director/ CEO at Galaxy Backbone,"Prof. Ibrahim Adeyanju is CEO of Galaxy Backbone, leading Nigeria’s digital transformation. He drives impact by expanding robust ICT infrastructure, enabling secure government services, and accelerating the growth of the nation’s digital economy.",Day 1,To Be Announced Closer to the Event ,"Special Guest, Speaker","On LinkedIn - https://www.linkedin.com/in/ibrahim-adeyanju-b78528a/?originalSubdomain=ng 
On X - https://x.com/IbrahimAdeyanju ","Digital Transformation Leadership
Government ICT Infrastructure
Secure Digital Services
National Digital Economy",https://drive.google.com/file/d/1JOlmZ72XbWDpFPcekYjKvKV23nN6YYjQ/view?usp=drivesdk
New,Mr. Olumbe Akinkugbe,Executive Director Digital Exploration & Technical Services at Galaxy Backbone,"Mr. Olumbe Akinkugbe is Executive Director at Galaxy Backbone, driving Nigeria’s digital transformation. He leads the deployment of advanced ICT infrastructure and solutions, enhancing national connectivity, secure digital services, and the growth of the country’s digital economy.",Day 1,To Be Announced Closer to the Event ,"Special Guest, Speaker","On LinkedIn - https://www.linkedin.com/in/olumbe-akinkugbe-77471227/?originalSubdomain=ng 
On IG - https://www.instagram.com/olumbe.akinkugbe/ 
On X - https://x.com/OlumbeAKinkugbe ","Advanced ICT Infrastructure
Digital Connectivity
Secure Government Systems
Technology Deployment",https://drive.google.com/file/d/1_SFKPErqbS40iNoYHCWRWZjZmvip_B2G/view?usp=drivesdk
New,Aare (Dr) Abisoye Ayoyinka Fagade (FIMC),Director General/CEO at NIihotour,"Aare (Dr) Abisoye Ayoyinka Fagade (FIMC) is the Director General/CEO of NIHOTOUR (Nigerian Institute for Hospitality and Tourism). He drives national impact by professionalizing the hospitality and tourism sector, developing skilled talent, and promoting industry standards that enhance Nigeria’s global competitiveness and sustainable tourism growth.",Day 1,To Be Announced Closer to the Event ,"Special Guest, Speaker","On LinkedIn - https://www.linkedin.com/in/aare-dr-abisoye-ayoyinka-fagade-fimc-3ab84a34/?originalSubdomain=ng 
On IG - https://www.instagram.com/saltofdworld/?hl=en","Hospitality & Tourism Leadership
Talent Development
Industry Standards & Certification
Sustainable Tourism Growth",https://drive.google.com/file/d/1nuRSRWhcESkQO16TZnGOp5VvYySF_9T3/view?usp=drivesdk
New,Dr. Olasupo Olusi,"CEO, Bank of Industry Limited ","Dr. Olasupo Olusi is the CEO of Bank of Industry (BOI), driving industrial and entrepreneurial growth in Nigeria. He accelerates access to finance for SMEs and large-scale projects, fostering economic diversification, job creation, and sustainable industrial development.",Day 1,To Be Announced Closer to the Event ,"Special Guest, Speaker","On LinkedIn - https://www.linkedin.com/in/olasupo-olusi/?originalSubdomain=ng 
On IG - https://www.instagram.com/dr.olasupoolusi/?hl=en","Industrial Development Finance
SME & Enterprise Growth
Economic Diversification
Job Creation Strategy",https://drive.google.com/file/d/1fJPVe9QfY9K_H7Brwr8HYKaAU7T6G6hd/view?usp=drivesdk
New,Mr. Abubakar A. Bello,Managing Director at Nigerian Export Import Bank (NEXIM),"Mr. Abubakar A. Bello is the Managing Director of the Nigerian Export-Import Bank (NEXIM), driving Nigeria’s non-oil export growth. He empowers exporters, unlocks trade financing, and strengthens global competitiveness to accelerate economic diversification and sustainable development.",Day 1,To Be Announced Closer to the Event ,"Special Guest, Speaker",On LinkedIn - https://www.linkedin.com/in/abba-bello-9954364/?originalSubdomain=ng ,"Export Development Finance
Non-Oil Trade Growth
Trade & Investment Facilitation
Economic Diversification",https://drive.google.com/file/d/1aUD8BanJ6rytk9lbquCXvfIqKfo3cUtM/view?usp=drivesdk
New,Mr. Ayo Adeagbo,"Special Assistant to the President (Arts, Culture and the Creative Economy)","Mr. Ayo Adeagbo is the Special Assistant to the President on Arts, Culture, and the Creative Economy, driving Nigeria’s creative sectors as engines of economic growth. He shapes policy, attracts investment, and builds platforms that amplify talent, foster global partnerships, and position culture as a strategic economic asset.",Day 1,To Be Announced Closer to the Event ,"Special Guest, Speaker","On LinkedIn - https://www.linkedin.com/in/adeagbo-ayomide-oluwadunsin/?originalSubdomain=ng 
On X - https://x.com/Ayoxtreme 
On IG - https://www.instagram.com/ayo_xtreme/ ","Creative Economy Policy
Arts & Culture Development
Investment Mobilisation
Global Creative Partnerships",https://drive.google.com/file/d/1sLpoXZZk0AU6GSXSclRj_zzRIF4NoRbP/view?usp=drivesdk
New,Mr. Amu Ogbeide,"Governing Council Member at CIBN, 
Co-Founder & GCEO at Sapphital","Mr. Amu Ogbeide is a financial services leader, Governing Council member of the Chartered Institute of Bankers of Nigeria (CIBN), and Co‑Founder & GCEO of Sapphital. He drives transformative impact by advancing professional banking standards, promoting financial inclusion, and leveraging fintech innovation to expand investment access. His leadership strengthens Nigeria’s financial ecosystem, fostering sustainable growth, transparency, and global competitiveness.",Day 1,To Be Announced Closer to the Event ,"Special Guest, Speaker","On LinkedIn - https://www.linkedin.com/in/amu-ogbeide-a0838139/?originalSubdomain=ng 
On IG - https://www.instagram.com/amuogbeide/ ","Financial Services Leadership
Fintech & Investment Innovation
Financial Inclusion
Professional Banking Standards",https://drive.google.com/file/d/1sLpoXZZk0AU6GSXSclRj_zzRIF4NoRbP/view?usp=drivesdk
New,Mr. Ife Adebayo,"National Coordinator, iDICE Programme","Ife Adebayo is the National Coordinator of Nigeria’s Investment in Digital & Creative Enterprises (iDICE) Programme and a leading architect of the country’s tech and creative economy initiatives. He drives transformative impact by mobilizing investment, scaling youth-led startups, and fostering innovation across digital and creative sectors. His leadership positions Nigeria as a global hub for technology-driven entrepreneurship and sustainable economic growth.",Day 1,To Be Announced Closer to the Event ,"Special Guest, Speaker","On LinkedIn - https://www.linkedin.com/in/ife-adebayo/?originalSubdomain=ng
On X - https://x.com/IfeAdebayo","Startup & Innovation Ecosystems
Digital & Creative Investment
Youth-Led Entrepreneurship
Venture Scaling Strategy",https://drive.google.com/file/d/1vTJuWb5DQVkGga921IjmK9-pW6bvykM3/view?usp=drivesdk
New,Hon. Wale Edun ,Federal Minister of Finance & Coordinating Minister of the Economy,"Hon. Wale Edun is Nigeria’s Federal Minister of Finance and Coordinating Minister of the Economy, a seasoned economist and investment banker with decades of global and domestic finance experience. He drives transformative economic impact by leading fiscal reforms, stabilizing macroeconomic conditions, and strengthening investor confidence to unlock sustainable growth. His strategic leadership positions Nigeria as a resilient, globally competitive economy with robust private sector participation.",Day 1,To Be Announced Closer to the Event ,"Special Guest, Speaker",LinkedIn - https://www.linkedin.com/in/wale-edun-5440762ab/?originalSubdomain=ng ,"Fiscal & Economic Reform
Macroeconomic Stability
Investment & Capital Markets
National Economic Strategy",https://drive.google.com/file/d/17dQ-SJ0LhLlcYrxv7-WJSW9fhi3nKSNu/view?usp=drivesdk
New,Dr. Doris Uzoka-Anite,Honourable Minister of State for Finance,"Dr. Doris Uzoka‑Anite, MFR is Nigeria’s Honourable Minister of State for Finance and a distinguished leader in public finance and economic policy. She drives transformative impact by modernizing fiscal frameworks, attracting strategic investments, and strengthening capital markets to accelerate sustainable economic growth. Her leadership combines visionary policy execution with financial innovation, positioning Nigeria as a competitive and resilient economy on the global stage.",Day 1,To Be Announced Closer to the Event ,"Special Guest, Speaker","LinkedIn - https://www.linkedin.com/in/dorisanite/?originalSubdomain=ng 
On IG - https://www.instagram.com/drdorisanite/?hl=en ","Public Finance Leadership
Investment & Capital Markets
Fiscal Policy Modernisation
Economic Growth Strategy",https://drive.google.com/file/d/1VdBGbP9Ss29sBpRDVo03nnpnjdneTdZM/view?usp=drivesdk
New,Hon. Ayodele Olawande,Minister for Youth Development,"Hon. Ayodele Olawande is Nigeria’s Minister for Youth Development and a transformative leader in youth empowerment and policy innovation. He drives national impact by creating scalable opportunities in education, entrepreneurship, and digital skills, while strengthening youth engagement in governance. His leadership positions Nigeria’s young population as a key engine for innovation, economic growth, and societal transformation.",Day 1,To Be Announced Closer to the Event ,"Special Guest, Speaker","Website - https://ayoolawande.com/about 
On X - https://x.com/ayowisdom_?lang=en 
On IG - https://www.instagram.com/ayowisdom_/?hl=en","Youth Empowerment Policy
Education & Skills Development
Youth Entrepreneurship
Inclusive Governance",https://drive.google.com/file/d/1TJLnCCb-dj3AlFeUpiwcAtRLnQK8ElRJ/view?usp=drivesdk
New,HM Olatunbosun Tijani,"Minister of Communications, Innovation & Digital Economy","HM Olatunbosun “Bosun” Tijani is a Nigerian-British entrepreneur and public servant, currently serving as Nigeria’s Honourable Minister of Communications, Innovation & Digital Economy. He leads national efforts in digital transformation, broadband expansion, and innovation, positioning technology as a core driver of economic growth. Prior to his ministerial appointment in August 2023, he co-founded Co-Creation Hub (CcHUB), Africa’s leading innovation centre, which expanded across Nigeria, Kenya, and Rwanda, strengthening collaboration and innovation across the continent.",Day 1,To Be Announced Closer to the Event ,"Special Guest, Speaker","On LinkedIn - https://www.linkedin.com/in/dr-%E2%80%98bosun-tijani-1b027b/?originalSubdomain=ng 
On IG - 
On x - https://x.com/bosuntijani ","Digital Economy Leadership
Innovation & Startup Ecosystems
Broadband & Digital Infrastructure
Public Servant
Technology-Driven Growth",https://drive.google.com/file/d/1dcZXA5zzbN2fDKi4P83C1TnCw6QALUbx/view?usp=drivesdk
New,Mr. Olanipekun Olukoyede,"Executive Chairman, EFCC","Mr. Olanipekun Olukoyede is the Executive Chairman of Nigeria’s Economic and Financial Crimes Commission (EFCC) and a seasoned lawyer and fraud management expert. He leads the national fight against corruption, financial crimes, and economic sabotage, driving stronger enforcement, asset recovery, and institutional accountability.",Day 1,To Be Announced Closer to the Event ,"Special Guest, Speaker","On LinkedIn - https://www.linkedin.com/in/olaolukoyedeofficial/ 
On X - https://x.com/OlaOlukoyede_ 
On Facebook - https://web.facebook.com/OlaOlukoyedeOfficial?_rdc=1&_rdr# ","Anti-Corruption Leadership
Financial Crimes Enforcement
Asset Recovery
Institutional Accountability",https://drive.google.com/file/d/1EKnyoxOeH85Urg_ZZ8RImZr-sGhZO4cT/view?usp=drivesdk
New,"Mr. Kashifu Inuwa Abdullahi, CCIE",Chief Information Technology Officer of Nigeria,"Mr. Kashifu Inuwa Abdullahi, CCIE is a Nigerian technology executive and Director-General/CEO of the National Information Technology Development Agency (NITDA). He drives national impact by leading Nigeria’s digital transformation agenda, strengthening cybersecurity and data protection, and scaling digital skills development to accelerate economic growth and innovation.",Day 1,To Be Announced Closer to the Event ,"Special Guest, Speaker",On LinkedIn - https://www.linkedin.com/in/kashifu-inuwa-abdullahi-ccie-8a671544/ ,"National Digital Transformation
Cybersecurity & Data Protection
Digital Skills Development
Technology Policy & Regulation",https://drive.google.com/file/d/1fUA5ICM8mJN6r2UELuhqR3AYIP43rt9s/view?usp=drivesdk